name,email,ip_address
Langston Danzig,ldanzig0@ftc.gov,186.144.239.15
Marylinda Normington,mnormington1@netlog.com,181.88.70.119
Valaree Braidford,vbraidford2@a8.net,151.2.50.18
Dorrie Merveille,dmerveille3@addtoany.com,98.94.56.184
Pearce Shevell,pshevell4@house.gov,38.224.226.12
Josee Rizzini,jrizzini5@infoseek.co.jp,169.87.180.249
Jed Hayen,jhayen6@ycombinator.com,174.21.229.199
Eddie Tuddall,etuddall7@ucoz.com,244.0.166.246
Clara Jaynes,cjaynes8@google.nl,46.243.72.244
Arturo McCart,amccart9@sohu.com,142.89.90.8
Westleigh Bode,wbodea@wufoo.com,173.235.58.90
Vaughn Simmers,vsimmersb@who.int,2.5.189.69
Spike Ellum,sellumc@is.gd,150.161.170.36
Elliot Haskins,ehaskinsd@github.io,208.203.222.8
Kaile Mattei,kmatteie@pen.io,176.79.14.85
Gaye Gosneye,ggosneyef@51.la,177.74.204.70
Hamlen Cluett,hcluettg@theguardian.com,0.166.17.133
Jeramey Leuty,jleutyh@hostgator.com,77.230.203.145
Walsh Pinare,wpinarei@behance.net,80.137.87.19
Arleyne Finnie,afinniej@bluehost.com,208.211.176.170
Florida Regelous,fregelousk@umn.edu,191.46.245.10
Maryjane Balasin,mbalasinl@spotify.com,209.213.168.59
Cherey Moreside,cmoresidem@nifty.com,38.164.83.197
Inigo Ridgewell,iridgewelln@infoseek.co.jp,234.213.112.194
Artair Lazell,alazello@edublogs.org,84.97.244.64
Lay Gyurkovics,lgyurkovicsp@google.com.br,210.42.230.184
Erin Bolin,ebolinq@jalbum.net,77.18.60.29
Angie Eisenberg,aeisenbergr@cbslocal.com,127.32.233.92
Armin Farington,afaringtons@t.co,124.38.215.183
Ermin McElvogue,emcelvoguet@yellowpages.com,135.172.140.228
Carlotta Greenrod,cgreenrodu@amazon.co.jp,227.248.104.160
Maryann Hakonsson,mhakonssonv@ebay.com,53.145.127.34
Allen Dykas,adykasw@eepurl.com,67.154.16.230
Hamel Bowcock,hbowcockx@clickbank.net,255.34.108.3
Emmanuel McFaell,emcfaelly@va.gov,223.18.58.162
Bibbye Boulter,bboulterz@digg.com,216.153.234.43
Noella Harmond,nharmond10@netlog.com,161.20.131.116
Natka Ulyatt,nulyatt11@kickstarter.com,166.111.161.175
Dael Castilljo,dcastilljo12@nifty.com,202.207.81.12
Desmond Caughan,dcaughan13@unc.edu,56.198.221.140
Florence Kelf,fkelf14@vistaprint.com,173.125.239.239
Lavinia Revie,lrevie15@comsenz.com,234.55.127.204
Lucienne Kilfether,lkilfether16@tmall.com,216.53.2.120
Sonnnie Lomond,slomond17@phpbb.com,213.134.189.52
Dorella Valsler,dvalsler18@netvibes.com,5.81.77.106
Travus Lennard,tlennard19@moonfruit.com,24.25.7.86
Noble Stiff,nstiff1a@blogs.com,68.141.45.185
Ichabod Clinning,iclinning1b@state.tx.us,95.170.254.238
Rufe Serjeant,rserjeant1c@github.com,58.6.151.120
Jennifer Dearle-Palser,jdearlepalser1d@cargocollective.com,31.244.203.13
Lindi Janusz,ljanusz1e@photobucket.com,173.171.234.117
Jacquette Gasnoll,jgasnoll1f@slate.com,147.55.115.69
Eldin Sanzio,esanzio1g@google.cn,8.221.206.44
Sal Dosdale,sdosdale1h@godaddy.com,253.219.20.159
Darrelle Kellert,dkellert1i@wired.com,87.120.70.165
Thorndike Tombleson,ttombleson1j@flickr.com,228.127.227.46
Riordan Ivens,rivens1k@fotki.com,52.183.165.215
Gennie Makepeace,gmakepeace1l@mayoclinic.com,88.242.189.61
Garvy Baggalley,gbaggalley1m@bloglovin.com,85.71.172.75
Giordano Cicci,gcicci1n@ow.ly,193.191.122.150
Avivah Tremelling,atremelling1o@istockphoto.com,150.47.92.157
Sampson Robertis,srobertis1p@senate.gov,236.234.51.127
Bertina Cameron,bcameron1q@is.gd,125.219.32.137
Brande Dmisek,bdmisek1r@uol.com.br,252.45.141.42
Celine Coyle,ccoyle1s@tinyurl.com,111.130.212.129
Ignacius Robbe,irobbe1t@cloudflare.com,122.149.221.159
Bat Bligh,bbligh1u@ebay.com,221.220.102.139
Khalil McElory,kmcelory1v@posterous.com,110.243.51.26
Umeko Whitty,uwhitty1w@newyorker.com,55.84.32.78
Chen Worham,cworham1x@moonfruit.com,136.39.77.130
Alfreda Kinnoch,akinnoch1y@yale.edu,222.121.220.223
Shelia Quennell,squennell1z@blogtalkradio.com,88.147.169.231
Valina Durgan,vdurgan20@smh.com.au,102.160.5.13
Mella Bolland,mbolland21@time.com,54.131.199.111
Mateo Farnall,mfarnall22@prnewswire.com,213.21.183.63
Colby Kimbrough,ckimbrough23@printfriendly.com,136.12.63.222
Alexi Buessen,abuessen24@chicagotribune.com,9.138.70.237
Darcee Pilbury,dpilbury25@census.gov,197.22.22.134
Gloria Dallander,gdallander26@wix.com,200.105.140.215
Arlee Dearlove,adearlove27@constantcontact.com,27.180.113.195
Wesley Oakenford,woakenford28@webmd.com,68.196.215.33
Ware Joutapavicius,wjoutapavicius29@ft.com,227.24.88.48
Merrili Maha,mmaha2a@businessweek.com,130.182.21.99
Paton Adamthwaite,padamthwaite2b@microsoft.com,113.100.83.252
Rooney Steventon,rsteventon2c@google.com.hk,136.208.22.14
Ezra Farreil,efarreil2d@technorati.com,15.79.34.233
Thaddeus Duferie,tduferie2e@who.int,8.86.250.74
Engracia Snalum,esnalum2f@answers.com,239.133.39.214
Stacy Cod,scod2g@studiopress.com,97.126.178.64
Kirstin McInnerny,kmcinnerny2h@ox.ac.uk,70.9.32.76
Danit McCaighey,dmccaighey2i@comcast.net,184.217.199.12
Burnaby Tayspell,btayspell2j@loc.gov,195.227.23.140
Anna-diane Coggles,acoggles2k@adobe.com,52.255.219.78
Lock Bartkowiak,lbartkowiak2l@youku.com,121.114.140.172
Jennica Donisi,jdonisi2m@nydailynews.com,29.175.162.187
Anallise Persey,apersey2n@irs.gov,93.84.6.222
Patricio Feltham,pfeltham2o@aol.com,141.199.139.213
Tracie Prior,tprior2p@cnbc.com,223.86.80.25
Loretta Geekie,lgeekie2q@time.com,30.26.218.120
Leland Tchaikovsky,ltchaikovsky2r@cnn.com,65.47.38.4
