first_name,last_name,email,ip_address
Dahlia,Wardington,dwardington0@shop-pro.jp,213.230.221.64
Emalee,Spall,espall1@ning.com,136.0.119.54
Joyann,Lanahan,jlanahan2@dagondesign.com,37.158.13.37
Dael,Sayle,dsayle3@csmonitor.com,218.9.149.14
Jerry,Tointon,jtointon4@ask.com,70.222.161.248
Wynn,Raistrick,wraistrick5@bravesites.com,34.63.181.222
Griff,Lepard,glepard6@house.gov,92.20.179.121
Charity,Maciak,cmaciak7@t-online.de,5.221.48.223
Jammal,Bortoli,jbortoli8@slashdot.org,115.37.131.34
Alejandrina,Riseborough,ariseborough9@who.int,108.56.204.185
Morna,Chaucer,mchaucera@infoseek.co.jp,47.68.56.188
Wolf,Sanpere,wsanpereb@squidoo.com,201.254.83.92
Levon,Keston,lkestonc@berkeley.edu,181.10.138.207
Rockwell,Bullen,rbullend@newyorker.com,101.86.89.147
Jaquith,Lovekin,jlovekine@4shared.com,228.32.27.62
Lyndsie,Davisson,ldavissonf@g.co,230.246.213.83
Tammi,Cockshott,tcockshottg@google.com.hk,205.252.158.114
Gerta,Pheby,gphebyh@yahoo.co.jp,222.3.246.74
Granny,Dumphrey,gdumphreyi@java.com,232.22.197.167
Verla,Sinnocke,vsinnockej@goodreads.com,236.224.98.120
Marne,Greeson,mgreesonk@exblog.jp,212.211.6.9
Fidel,Pennycord,fpennycordl@exblog.jp,116.95.184.55
Joe,Billborough,jbillboroughm@feedburner.com,105.100.116.27
Leela,Bursnall,lbursnalln@fastcompany.com,62.33.170.161
Buddy,Magee,bmageeo@jugem.jp,229.137.119.66
Gillie,Gormally,ggormallyp@fema.gov,106.45.51.170
Iain,Van Arsdale,ivanarsdaleq@mozilla.org,178.157.109.52
Branden,Alenshev,balenshevr@mediafire.com,57.214.183.35
Wit,Markova,wmarkovas@spiegel.de,212.102.179.147
Micheal,Firebrace,mfirebracet@tinypic.com,18.113.34.89
Jase,Congram,jcongramu@dailymail.co.uk,222.18.173.138
Glori,Bleacher,gbleacherv@facebook.com,85.253.229.35
Rodolph,O' Donohoe,rodonohoew@amazonaws.com,78.189.184.93
Cchaddie,Coger,ccogerx@addthis.com,116.236.34.161
Rozamond,Abreheart,rabrehearty@pagesperso-orange.fr,60.210.231.121
Gilemette,Ludmann,gludmannz@blogs.com,172.24.123.4
Dorie,Putland,dputland10@hibu.com,228.175.162.151
Marjie,Queen,mqueen11@usgs.gov,28.247.20.192
Sherry,Hallward,shallward12@wufoo.com,8.188.243.209
Gardy,Tunnow,gtunnow13@yellowpages.com,160.194.172.58
Brigid,McPhaden,bmcphaden14@about.com,201.112.96.69
Sheela,MacKellar,smackellar15@ca.gov,240.203.223.203
Leopold,O'Doherty,lodoherty16@booking.com,189.128.197.175
Jami,Janiak,jjaniak17@weather.com,152.67.213.34
Rosalinde,Mallall,rmallall18@163.com,21.28.123.109
Francisca,Flewett,fflewett19@sciencedaily.com,39.244.77.175
Rorie,Ryman,rryman1a@nationalgeographic.com,150.69.37.102
Nicholle,Bugbird,nbugbird1b@elegantthemes.com,122.42.72.224
Garvin,Leman,gleman1c@java.com,136.201.171.151
Una,Wontner,uwontner1d@newsvine.com,71.137.186.166
Odelinda,Chaise,ochaise1e@artisteer.com,188.136.100.143
Zollie,Nodes,znodes1f@sciencedaily.com,209.239.58.73
Evangelina,Sinnatt,esinnatt1g@netlog.com,193.18.74.245
Lisetta,Hardisty,lhardisty1h@epa.gov,248.186.26.208
Morie,Starmore,mstarmore1i@imdb.com,195.196.102.90
Sile,Bahls,sbahls1j@wsj.com,32.255.233.185
Fayth,Dornan,fdornan1k@furl.net,174.116.188.19
Michelle,Elcoate,melcoate1l@harvard.edu,202.192.101.116
Mellie,Scudders,mscudders1m@clickbank.net,254.143.22.46
Karlis,Halward,khalward1n@shutterfly.com,14.235.238.47
Redd,Doldon,rdoldon1o@blogs.com,79.90.90.32
Karlen,Castro,kcastro1p@flickr.com,10.155.137.7
Rosalia,Tattershaw,rtattershaw1q@state.tx.us,54.151.218.229
Kayley,Shitliff,kshitliff1r@booking.com,190.191.210.133
Shelley,Baskeyfield,sbaskeyfield1s@bizjournals.com,9.195.73.31
Joela,Henric,jhenric1t@goodreads.com,46.197.208.250
Lexis,Boyall,lboyall1u@ucsd.edu,36.58.207.253
Odo,Pym,opym1v@joomla.org,254.14.181.157
Leoine,Kitcherside,lkitcherside1w@sun.com,52.135.71.146
Gerianna,Straffon,gstraffon1x@over-blog.com,49.181.180.173
Janel,Farherty,jfarherty1y@yale.edu,54.255.242.30
Wynny,Mahmood,wmahmood1z@skyrock.com,105.219.110.83
Elicia,Marfield,emarfield20@istockphoto.com,139.16.65.123
Kyla,Kapelhof,kkapelhof21@yahoo.co.jp,116.111.161.134
Lazare,Bussey,lbussey22@youtu.be,114.187.216.59
Barrett,Polkinghorne,bpolkinghorne23@moonfruit.com,180.43.139.108
Cooper,Godfray,cgodfray24@feedburner.com,206.13.30.169
Jillane,Peabody,jpeabody25@paypal.com,93.85.249.221
Katti,Titcom,ktitcom26@topsy.com,93.219.141.13
Arlette,Giraldon,agiraldon27@stumbleupon.com,221.120.235.59
Larisa,Lorimer,llorimer28@dell.com,151.13.160.60
Rivi,Lindwasser,rlindwasser29@altervista.org,201.107.82.142
Kory,Cary,kcary2a@home.pl,59.21.250.156
Karil,Eveque,keveque2b@europa.eu,144.14.73.111
Gabriello,Le Bosse,glebosse2c@sohu.com,151.249.250.148
Mechelle,Batting,mbatting2d@ustream.tv,207.170.216.210
Dorian,Hearse,dhearse2e@soundcloud.com,0.250.86.22
Jason,Conibere,jconibere2f@tuttocitta.it,33.187.134.14
Davita,Dobrovsky,ddobrovsky2g@list-manage.com,160.9.236.92
Esmaria,Rosenfarb,erosenfarb2h@umn.edu,69.102.177.43
Ryley,Curzon,rcurzon2i@forbes.com,202.194.124.218
Nick,Shenfisch,nshenfisch2j@youku.com,120.24.35.57
Karisa,Lockhart,klockhart2k@buzzfeed.com,252.115.80.114
Johannah,Lunbech,jlunbech2l@jalbum.net,243.82.67.195
Wilhelm,Pumphrey,wpumphrey2m@nbcnews.com,139.125.117.40
Carolee,Spennock,cspennock2n@behance.net,159.140.68.142
Dido,Greendale,dgreendale2o@vinaora.com,169.53.230.177
Gloriane,Valler,gvaller2p@google.de,86.204.72.18
Dudley,Busson,dbusson2q@noaa.gov,26.223.204.3
Cosetta,Porch,cporch2r@fotki.com,52.71.146.222
